ID,Title,Location,Salary,Summary
https://kr.indeed.com/viewjob?jk=caccb1d9be6bc918,운영(Business Operation Management) 경력자,유명메신저회사 서울 성동구,,
https://kr.indeed.com/viewjob?jk=d319e2f1cf951024,서버 개발자,유명메신저회사 서울 강남구,,
https://kr.indeed.com/viewjob?jk=cdf617324298bb9d,저축은행 소비자금융 Data Science 팀,국내자본 저축은행 서울 구로구,,
https://kr.indeed.com/viewjob?jk=2cca42ee0951d4be,"Principal, Business Analysis (Coupang Ea...",Coupang 3.0 서울,,
https://kr.indeed.com/viewjob?jk=e0751dcb592aa9cc,ICT 서비스본부 디지털LAB,국내자본 저축은행 서울 구로구,,
https://kr.indeed.com/viewjob?jk=35cefd4d91c7b366,저축은행 앱마케팅팀,국내자본 저축은행 서울 구로구,,
https://kr.indeed.com/viewjob?jk=509e7ab10e54f962,디지털마케팅본부 수신상품 기획 및 전략수립 경력자,국내자본 저축은행 서울,,
https://kr.indeed.com/viewjob?jk=7376f377161ea4f2,저축은행 소비자금융본부 Data Science 팀,국내자본 저축은행 서울 구로구,,
https://kr.indeed.com/viewjob?jk=074bbbc1b7c4d596,저축은행 디지털마케팅본부 데이터분석 경력자,국내자본 저축은행 서울 구로구,,
https://kr.indeed.com/viewjob?jk=a58b91ab3d74f02d,저축은행 디지털 LAB,국내자본 저축은행 서울 구로구,,
https://kr.indeed.com/viewjob?jk=e58c6fe6fd87f03e,Operations Associate (운영팀원) - 한국,Beam 서울,,
https://kr.indeed.com/viewjob?jk=1622a08497f8c091,Data Scientist,에너지 거래소 및 에너지데이터 중개 서울,,
https://kr.indeed.com/viewjob?jk=0ab285258b1cb206,저축은행 앱마케팅팀 데이터분석,국내자본 저축은행 서울 구로구,,
https://kr.indeed.com/viewjob?jk=485b1cd148dc524a,Data Scientist,해외송금 전문업체 서울 강남구,,
https://kr.indeed.com/viewjob?jk=9cd311595b3e4bea,저축은행 소비자금융 Data Science,국내자본 저축은행 서울 구로구,,
https://kr.indeed.com/viewjob?jk=53ced11b1e0addce,저축은행 디지털뱅킹팀 데이터분석 경력,국내자본 저축은행 서울 구로구,,
https://kr.indeed.com/viewjob?jk=7772fd53bc80acde,Senior Business Analyst (Retail Program...,Coupang 3.0 서울,,
https://kr.indeed.com/viewjob?jk=33fbfcd01ae23602,시스템 프로그래머,에너지 거래소 및 에너지데이터 중개 서울,,
https://kr.indeed.com/viewjob?jk=51dcabafcf7a0bb0,저축은행 디지털뱅킹팀 데이터분석,국내자본 저축은행 서울 구로구,,
https://kr.indeed.com/viewjob?jk=43bf0c7e2b10e9b5,Operations Manager (운영팀장) - 한국,Beam 서울,,
https://kr.indeed.com/viewjob?jk=d24428ed26f0b058,디지털LAB 신기술파트,국내자본 저축은행 서울 구로구,,
https://kr.indeed.com/viewjob?jk=27352452ed0a0ea9,Senior Back-end Developer,Asiance 서울,,
https://kr.indeed.com/viewjob?jk=8af16ddc1e1a33b3,DevOps 엔지니어(과장~차장급),TV홈쇼핑 성남 판교역,,
https://kr.indeed.com/viewjob?jk=a2089ff8a19a429f,Fullstack SW개발자,신재생에너지 분야 솔루션기업 성남 판교역,,
https://kr.indeed.com/viewjob?jk=5c6723a17ad467f6,Solutions Architect - Amazon Connect,Amazon Web Services Korea LLC 서울,,
https://kr.indeed.com/viewjob?jk=4a426e3ffacd161c,이상탐지팀- 웹프로그래머,Nexon 성남 분당구,,
https://kr.indeed.com/viewjob?jk=05ce3c7d5c6c368c,Research Engineer - Machine Learning,AITRICS 서울,,
https://kr.indeed.com/viewjob?jk=37da5b148b2d3ef4,Senior Data Scientist - AWS Professional...,Amazon Web Services Korea LLC 서울,,
https://kr.indeed.com/viewjob?jk=cb286253682cb876,[던전앤파이터] 클라이언트 툴 프로그래머,네오플 서울 강남구,,
https://kr.indeed.com/viewjob?jk=49bb83246aaaa60c,함께 성장할 S/W개발자 모집합니다.,주식회사 유락 전라북도 완주,"연봉 24,000,000원 - 26,000,000원",
https://kr.indeed.com/viewjob?jk=e787fde04b998e1a,이상탐지팀 - 서비스 개발자,Nexon 성남 분당구,,
https://kr.indeed.com/viewjob?jk=8624753c574a9d25,Lead Application Backend Developer – Mob...,BOEING 서울,,
https://kr.indeed.com/viewjob?jk=1f542078927eb1e4,Data Center Technician,Amzn Corporate Services Korea 서울,,
https://kr.indeed.com/viewjob?jk=d6c05c588971df5a,백엔드 파운트 시스템 엔지니어 (현재 급여수준 이상 보장),파운트 서울 충정로역,,
https://kr.indeed.com/viewjob?jk=6b92af73c4433b6f,OTC운용팀 파생/IT 퀀트 경력직,유안타증권 대한민국,,
https://kr.indeed.com/viewjob?jk=355aaafb557ef231,[기술기획] 기술기획 개발자,한국카카오은행 성남 분당구,,
https://kr.indeed.com/viewjob?jk=3292e81e43884c67,Web 개발(이커머스 파트)_PHP/CodeIgniter/Javascri...,버드뷰 서울 마포구,,
https://kr.indeed.com/viewjob?jk=aac8e9355cb855ac,[인재풀] 아티스트,Electronic Arts 서울,,
https://kr.indeed.com/viewjob?jk=750977c97eeed4d5,랩오투원 신입/경력 개발자,유한책임회사랩오투원 부산,,
https://kr.indeed.com/viewjob?jk=cff15ad2ab33a542,AI Edge Board 개발자,하나비전테크 천안 동남구,"월급 2,000,000원",
https://kr.indeed.com/viewjob?jk=116009dbf59211ed,퍼즐데이터 역량있는 데이터 분석가,주식회사퍼즐데이터 서울 역삼동,,
https://kr.indeed.com/viewjob?jk=9ec6ee8ffbdef537,Client Solutions Engineer,Cover Genius 서울,,
https://kr.indeed.com/viewjob?jk=8bda582040d41076,데이터분석 전문가 신입·경력·전문연구요원,베가스 서울 강남구,,
https://kr.indeed.com/viewjob?jk=d1e75364ef505c68,"데이터 가치 함께 발굴하실 머신러닝, 통계 모델링 전문가",카카오 4.2 성남 판교역,,
https://kr.indeed.com/viewjob?jk=6d479593b544fa68,카카오 전체의 사용자 플랫폼 만들 서버개발자,카카오 4.2 성남 판교역,,
https://kr.indeed.com/viewjob?jk=bd1ad6ca3aba3000,데이터 엔지니어 / Data Engineer,Bagelcode 서울,,
https://kr.indeed.com/viewjob?jk=282b7f31b5737f09,(클라우드서비스)네트워크 개발자 모집,카카오엔터프라이즈 성남 삼평동,,
https://kr.indeed.com/viewjob?jk=d9a8d22b38653d34,[인재풀] Central Development Services,Electronic Arts 서울,,
https://kr.indeed.com/viewjob?jk=9437c9fdc6462773,Data & AI Technical Specialist,IBM 3.9 서울,,
https://kr.indeed.com/viewjob?jk=4a51996b0442a445,Sales Manager (Born in the Cloud),Hewlett Packard Enterprise 3.8 서울,,
https://kr.indeed.com/viewjob?jk=d952a2933cb8e330,제주근무] 영상처리 개발자,아이디어콘서트 제주 제주시,,
https://kr.indeed.com/viewjob?jk=de6034fa3ef850c8,EQUITY본부 경력직,KB증권 대한민국,,
https://kr.indeed.com/viewjob?jk=39834f5337a56072,Sr. Data Architect - Data Lakes & Analyt...,Amazon Web Services Korea LLC 서울,,
https://kr.indeed.com/viewjob?jk=6c1d50662fa2d7f7,서울 강남구 인썸니아 시니어 개발자 및 퍼블리셔,인썸니아 서울 서초구,,
https://kr.indeed.com/viewjob?jk=80f1a9fe40a6c290,[Search & Clova] 파파고 Software Engineer 경...,네이버 대한민국,,
https://kr.indeed.com/viewjob?jk=6818259d27d3e86a,[반도체IP 기업] Video Codec - RTL Design/Veri...,커리어라임즈 서울,,
https://kr.indeed.com/viewjob?jk=22f37b921213afa9,INDEX/QUANT운용본부 신입사원,교보악사자산운용 대한민국,,
https://kr.indeed.com/viewjob?jk=af5683389907a8c9,백엔드 개발자 (경력),크로스앵글 서울 여의도,,
https://kr.indeed.com/viewjob?jk=c7c315d68ab45e13,TOIION 토이온 전산 인프라 운영 스탭,토이온 성남 수정구,,
https://kr.indeed.com/viewjob?jk=7bf30c81a0e59d82,AI팀(액티브 퀀트/인덱스 펀드) 사원·대리급,이스트스프링자산운용 대한민국,,
https://kr.indeed.com/viewjob?jk=d179e1efffe62b53,교보악사자산운용 주식운용본부 Growth팀 사원,교보악사자산운용 대한민국,,
https://kr.indeed.com/viewjob?jk=ff2f8c996186ab4d,Cloud Application Architect - Profession...,Amazon Web Services Korea LLC 서울,,
https://kr.indeed.com/viewjob?jk=15d18b994f6d0347,AI/챗봇/머신러닝/딥러닝/자연어/프론트엔드,에이치앤티어세스 서울,,
https://kr.indeed.com/viewjob?jk=3ffc7a22768918e4,[해외취업] 게임 개발자 / 사원 40%가 외국국적 글로벌 근무환경,엘트리 대한민국,"연봉 35,000,000원 - 100,000,000원",
https://kr.indeed.com/viewjob?jk=30279163f8f6cba7,마케팅(전략기획)신입~경력,비스퀘어 부산 해운대구,"연봉 30,000,000원 - 35,000,000원",
https://kr.indeed.com/viewjob?jk=7c57fb8fc418e996,트레이딩본부 (신입),메리츠종합금융증권 대한민국,,
https://kr.indeed.com/viewjob?jk=b59aefbf5af2d7ea,Discovery ML Engineer,딜리버리히어로코리아 서울 서초동,,
https://kr.indeed.com/viewjob?jk=d0ae3cf7638734ac,데이터 사이언티스트 / Data Scientist,Bagelcode 서울,,
https://kr.indeed.com/viewjob?jk=a3bb896b96ab1c78,[공통기술부문] 침해대응 및 보안위협 분석 담당자,우아한 형제들 서울 송파구,,
https://kr.indeed.com/viewjob?jk=02b8ffe6f1af96d4,글로벌 여행 스타트업 Trazy - 백엔드 개발자,트레이지(Trazy) 서울 종로구,,
https://kr.indeed.com/viewjob?jk=f559ef213adb2602,퀀트운용본부 경력사원(수정),디비자산운용 대한민국,,
https://kr.indeed.com/viewjob?jk=70f513e9782febab,R&D 연구원 신입 정규직,스칼라웍스 서울 금천구,,
https://kr.indeed.com/viewjob?jk=2625bdacef9c5d08,"Specialist Solutions Architect III, AI/M...",Amazon Web Services Korea LLC 서울,,
https://kr.indeed.com/viewjob?jk=e7b3efd1e779a4dd,Mindshare | Analytics Senior Manager,Mindshare 서울,,
https://kr.indeed.com/viewjob?jk=e4526d75d18b3635,[경력] 빅데이터 및 데이터분석 컨설팅 - Digital 본부,삼정 KPMG 3.2 서울 강남구,,
https://kr.indeed.com/viewjob?jk=9ebdf72100457715,리서치분야 경력직,케이지제로인 대한민국,,
https://kr.indeed.com/viewjob?jk=072e19aecc5926bb,[메가존] 2020년 상반기 구글클라우드 직무별,메가존 서울 강남구,,
https://kr.indeed.com/viewjob?jk=61ecdc0ef3cfb66a,[경력] 빅데이터 플랫폼 엔지니어,카카오 4.2 성남 판교역,,
https://kr.indeed.com/viewjob?jk=07375dc4e800dfa9,추천 시스템 소프트웨어 엔지니어,카카오 4.2 성남 판교역,,
https://kr.indeed.com/viewjob?jk=ad1bf1198b168944,"[해외취업] 베리텍, 시스템개발자/응용프로그래머",에임하이글로벌 대한민국,"연봉 32,510,000원 - 65,030,000원",
https://kr.indeed.com/viewjob?jk=eaee1538d8cc832f,메시지발송 플랫폼 개발자,Nexon 성남 분당구,,
https://kr.indeed.com/viewjob?jk=be6c1f03fa566f8e,추천 시스템 연구/개발,카카오 4.2 성남 판교역,,
https://kr.indeed.com/viewjob?jk=35d7ed4451724d19,파생퀀트/ IT퀀트 경력직 ( ~시 까지),유안타증권 대한민국,,
https://kr.indeed.com/viewjob?jk=37127548f83bb7f7,[Search & Clova] 네이버 웹검색 연구/개발 경력사원,네이버 대한민국,,
https://kr.indeed.com/viewjob?jk=e89c0233481feb17,Python 웹프로그램 엔지니어,이진솔루션 인천 서구,"연봉 24,000,000원",
https://kr.indeed.com/viewjob?jk=ae15250b0a7f47e0,데이터 엔지니어,크로스앵글 서울 여의도,,
https://kr.indeed.com/viewjob?jk=1f7f2b48cf91125b,DBA담당자,해커스 서울 강남구,,
https://kr.indeed.com/viewjob?jk=8657ecd975acd2f4,[해외취업] AI 엔지니어,株式会社ASCOM 대한민국,,
https://kr.indeed.com/viewjob?jk=1a0fc032fa7d6866,"Sales Engineer (Pre-Sales), Korea",Recorded Future 서울,,
https://kr.indeed.com/viewjob?jk=fbbf7d68c624426f,"[해외취업] 누리누비, 시스템개발자/응용프로그래머",에임하이글로벌 대한민국,"연봉 32,520,000원 - 65,030,000원",
https://kr.indeed.com/viewjob?jk=3e06cf372a8c1681,Platform/BSP SW APPS Engineering - Sr. E...,Qualcomm 4.1 서울,,
https://kr.indeed.com/viewjob?jk=a8ed60198075d112,Application Backend Developer,BOEING 서울,,
https://kr.indeed.com/viewjob?jk=ed8f2d4e613fb977,[던전앤파이터] 2D/3D 그래픽 기술개발 부문 (TA/엔진프로그래머/툴...,네오플 서울 강남구,,
https://kr.indeed.com/viewjob?jk=5f7da090abe24e91,리서치센터 RA,신한금융투자 대한민국,,
https://kr.indeed.com/viewjob?jk=67ca30c143379281,Data Scientist III,Amazon Web Services Korea LLC 서울,,
https://kr.indeed.com/viewjob?jk=1748baa27965fdbf,"MVP 개발 엔지니어(서버, 웹프론트) (정규직, 계약직, 프리랜서)",더테스터 대전 중구,,
https://kr.indeed.com/viewjob?jk=7bf179a290a157b2,경험최적화파트 - 머신러닝 엔지니어,Nexon 성남 분당구,,
https://kr.indeed.com/viewjob?jk=a50fce6cc2cb57c9,자연어처리전문가 금융챗봇 만들어 갈 엔지니어,파운트 서울 충정로역,,
https://kr.indeed.com/viewjob?jk=3d63c9544de89d94,Oracle Linux and Oracle VM Product Suppo...,Oracle 3.8 서울,,
https://kr.indeed.com/viewjob?jk=b574f1454ae36aab,Cross Border Ecommerce - Business Intell...,Shopee 서울,,
https://kr.indeed.com/viewjob?jk=533b48ae7ceee2ca,(주)웨이브웨어 2020 년도 신입사원 (개발자),웨이브웨어 대전 유성구,"연봉 25,000,000원 - 30,000,000원",
https://kr.indeed.com/viewjob?jk=1a5cda61b51c21b7,SAP Architect,Amazon Web Services Korea LLC 서울,,
https://kr.indeed.com/viewjob?jk=703240f1af245dde,Cloud Storage Architect 국내 IT 대기업,국내 IT 대기업 서울특별시,,
https://kr.indeed.com/viewjob?jk=4d904be195e1682c,프로그램개발자(JAVA/HTML5/PowerBuilder/앱/.NET/P...,케이에스피소프트 서울 금천구,,
https://kr.indeed.com/viewjob?jk=3e2a310c9dd0f693,[멜론] 빅데이터 서비스 개발자,카카오 4.2 성남 판교역,,
https://kr.indeed.com/viewjob?jk=136e1bb840e185c2,Controller (Data Science),Continental 4.0 대한민국,,
https://kr.indeed.com/viewjob?jk=530a598184580c95,데스크탑 가상화(VDI) 엔지니어,카카오 4.2 성남 판교역,,
https://kr.indeed.com/viewjob?jk=bfb1ea205bbeec5b,"빅데이터, 인공지능(AI) 외 신입/경력 정규직",해라소프트웨어 대한민국,,
https://kr.indeed.com/viewjob?jk=68ee194a9d487aac,Data Engineer,고도소프트 서울 구로구,,
https://kr.indeed.com/viewjob?jk=c575059d6cf550f3,직원 (연구/기술/행정직),포항공대가속기연구소 포항 남구,,
https://kr.indeed.com/viewjob?jk=d96782b26b3d601b,2020년 각 부문별,청담러닝 서울 강남구,,
https://kr.indeed.com/viewjob?jk=53a2e2f6154d9cff,연금운용파트,디지비자산운용 대한민국,,
https://kr.indeed.com/viewjob?jk=d017610d9828199c,"드론 데이터 스타트업, 엔젤스윙 엔지니어",엔젤스윙 서울 관악구,,
https://kr.indeed.com/viewjob?jk=05ada0ec7f259bfd,경영지원본부 정보기술팀 경력직,아이비케이자산운용 대한민국,,
https://kr.indeed.com/viewjob?jk=a25a53590b994d6a,[펜타시큐리티/아우토크립트] 응용 소프트웨어 개발자,펜타시큐리티시스템 서울 영등포구,,
https://kr.indeed.com/viewjob?jk=19b44e0d17d112e2,분석실 - 베이지안 분석 전문가,Nexon 성남 분당구,,
https://kr.indeed.com/viewjob?jk=be13b04c13e82229,기술개발 팀장 (고연봉/정규직),스탠월드코리아 서울 강남구,"연봉 60,000,000원 - 70,000,000원",
https://kr.indeed.com/viewjob?jk=66df90351d0897e2,파생운용실 전문계약직,하나금융투자 대한민국,,
https://kr.indeed.com/viewjob?jk=649ccf047c868778,"금융 데이터 분석 엔진, 로보어드바이저 개발자",에스비씨엔 서울 영등포구,,
https://kr.indeed.com/viewjob?jk=7c1737fbadab9ad4,리스크관리본부 리스크관리팀,이스트스프링자산운용 대한민국,,
https://kr.indeed.com/viewjob?jk=85929aac498299cc,데이터 사이언스 전문가 및 머신러닝 전문가,카카오 4.2 성남 판교역,,
https://kr.indeed.com/viewjob?jk=f044d9361c664f80,Technical Trainer - Amazon Web Services,Amazon Web Services Korea LLC 서울,,
https://kr.indeed.com/viewjob?jk=b51ca785a45edf17,Senior Specialist Consultant - AI/ML,Amazon Web Services Korea LLC 서울,,
https://kr.indeed.com/viewjob?jk=55dbae449417c19d,RAS Power Marketing Analytics Lead for P...,Siemens AG 4.0 서울,,
https://kr.indeed.com/viewjob?jk=8b29e16a2f9665f2,"Principal, Strategic Planning",Coupang 3.0 서울,,
https://kr.indeed.com/viewjob?jk=6f88041c28b6c1ae,한글 Q&A 시스템 연구 개발 신입/경력사원,포티투마루 서울 봉천동,,
https://kr.indeed.com/viewjob?jk=32f06486dc059c80,[대기업금융사] 자연어처리/텍스트분석 박사학위 소지자,FN executive search 서울,,
https://kr.indeed.com/viewjob?jk=62d8726bc5e89cf8,"딥러닝, 인공지능(AI) 외 경력 정규직",블록체인씨앤에스 서울 성동구,,
https://kr.indeed.com/viewjob?jk=48492e2d96cd1faa,[공통기술부문] DBA,우아한 형제들 서울 송파구,,
https://kr.indeed.com/viewjob?jk=290c0ba6000fa4a5,대기업 영상보안 네트워크 프로토콜 SW 개발 정규직,인파트너스 서울 서초구,"연봉 60,000,000원 - 70,000,000원",
https://kr.indeed.com/viewjob?jk=8bffa73ce837a7ed,JAVA기반 응용SW개발자 양성과정 훈련교사,중앙직업전문학교 대구 중구,,
https://kr.indeed.com/viewjob?jk=d6a2c8d60ad1662c,SW전문위원(20년 이상) 및 해외영업 과차장급 컨설턴트(경력 7년 이상...,한국컨설팅산업협회 서울 강남구,,
https://kr.indeed.com/viewjob?jk=8fc5722cb9223fea,Solutions Architect III - AWS Korea,Amazon Web Services Korea LLC 서울,,
https://kr.indeed.com/viewjob?jk=ea7a7ab6e15151c1,WaveBridge BackEnd Developer 경력직,웨이브릿지 서울 강남구,,
https://kr.indeed.com/viewjob?jk=49335253c9d14ed4,Software Engineer,Nexon 성남 분당구,,
https://kr.indeed.com/viewjob?jk=de3e0351f0b9d2df,2020 상반기 - 정보기획팀 팀원,재단법인 아름다운가게 서울 중구,"월급 2,100,000원",
https://kr.indeed.com/viewjob?jk=61f77867c101a6fe,교보악사자산운용 해외투자 사원,교보악사자산운용 대한민국,,
https://kr.indeed.com/viewjob?jk=ab157cc80acdbe96,지스트 블록체인인터넷경제연구센터 계약직(연구원),광주과학기술원 광주 북구,,
https://kr.indeed.com/viewjob?jk=100bfdb71c3c4fde,모바일앱 분석툴 유저해빗 웹개발자,유저해빗 서울 마포구,,
https://kr.indeed.com/viewjob?jk=f6fe4d192f210bc7,퀀트 개발자 (Quant Developer),ATZ Inc. 서울,"연봉 30,000,000원 - 40,000,000원",
https://kr.indeed.com/viewjob?jk=5f778071e9ca60ed,"[해외취업] Yi INC- IT 프로그래머, web개발 엔지니어, Jav...",Yi INC. (Yi株式会社) 대한민국,,
https://kr.indeed.com/viewjob?jk=5f3b7800e776da58,Senior Business Analysis (Strategic Plan...,Coupang 3.0 서울,,
https://kr.indeed.com/viewjob?jk=b1c3eb81019bdae3,IT보안기술 개발자 모집(신입/경력),펜타시큐리티시스템 서울 여의도,,
https://kr.indeed.com/viewjob?jk=f34f7c6f50d73db5,"IT기술지원, S/W 엔지니어 신입/경력 정규직, 계약직",퓨처피플 안양 동안구,,
https://kr.indeed.com/viewjob?jk=7b96b63ac704d98a,AI Scientist - Symbolic AI (Natural Lang...,MIND AI 서울,"연봉 60,000,000원 - 100,000,000원",
https://kr.indeed.com/viewjob?jk=81acb0a951cdde98,파이썬/자바스크립트 경력 정규직,디노플러스 서울 강남구,,
https://kr.indeed.com/viewjob?jk=40454c3ae7eb142d,Data Scientist,Tapjoy 서울,,
https://kr.indeed.com/viewjob?jk=56fce3a492ad940b,서버개발(응용프로그램개발) 정직원,인포카 서울 성북구,"연봉 30,000,000원",
https://kr.indeed.com/viewjob?jk=1c90165f772bc595,"Principal, Data Scientist(SCM)",Coupang 3.0 서울,,
https://kr.indeed.com/viewjob?jk=6863b8ecbee9cb28,Big Data Engineer,휴먼디지털 서울,,
https://kr.indeed.com/viewjob?jk=f7b3c8657e731980,데이터 분석/자연어 처리 파이썬(Python) 개발자,윕스 서울 마포구,,
https://kr.indeed.com/viewjob?jk=d498993697237b33,AI(인공지능) 개발자,휴먼디지털 서울,,
https://kr.indeed.com/viewjob?jk=e36af236652e8e9d,Data Analyst (CRM),Coupang 3.0 서울,,
https://kr.indeed.com/viewjob?jk=7a837beac7ac8bcd,"Partner Solutions Architect III, Analyti...",Amazon Web Services Korea LLC 서울,,
https://kr.indeed.com/viewjob?jk=97cbec2398519f10,[링크업] 글로벌 ERP회사인 Odoo 웹 개발자.,링크업 서울 마포구,"연봉 35,000,000원",
https://kr.indeed.com/viewjob?jk=67503f27b0365593,인간중심 지능형 시스템 연구실 시간제 연구원,광주과학기술원 광주 북구,,
https://kr.indeed.com/viewjob?jk=2a1d77bd91952093,(주)엘솔루 개발자,㈜엘솔루 서울,,
https://kr.indeed.com/viewjob?jk=5f38a43d8ddd4977,국내 CRM 분석,인코리아 프로페셔널(헤드헌팅) 서울 강남구,"연봉 48,000,000원 - 70,000,000원",
https://kr.indeed.com/viewjob?jk=16dff836029458af,"모바일 앱 서버 개발(Java, Python)",휴먼디지털 서울,,
https://kr.indeed.com/viewjob?jk=a6a4b500fa0340d4,"Director, Software Engineering (Coupang...",Coupang 3.0 서울,,
https://kr.indeed.com/viewjob?jk=eb524bae20ec458a,가상화폐 개발 경력자,휴먼디지털 서울,,
https://kr.indeed.com/viewjob?jk=f8ee4cfdf4dd6934,성장하는 핀테크 스타트업 BackEnd Developer 경력직,웨이브릿지 서울 강남구,,
https://kr.indeed.com/viewjob?jk=872e4ef109d7872a,Data Analyst (FC & Transportation),Coupang 3.0 서울,,
https://kr.indeed.com/viewjob?jk=29667656675b70f2,RPA 및 DevOps ALM 엔지니어,시와소프트 서울 금천구,"연봉 30,000,000원 - 35,000,000원",
https://kr.indeed.com/viewjob?jk=83883bfd1f662d69,Data Scientist,Terra 서울,,
https://kr.indeed.com/viewjob?jk=9b09565fe78ef392,DX혁신부문 Tech Lab Senior Machine Learning...,이투스교육 서울 강남구,,
https://kr.indeed.com/viewjob?jk=4206cd042c6633c1,Software Engineer - Seoul,"Moloco, Inc. 서울",,
https://kr.indeed.com/viewjob?jk=527ede840149154c,가상화폐 프로그래머,휴먼디지털 서울,,
https://kr.indeed.com/viewjob?jk=f8de9004dab92f5d,"Principal, Data Scientist (Data Platform...",Coupang 3.0 서울,,
https://kr.indeed.com/viewjob?jk=b7cfa27c729bca29,Back-end 개발 경력자 모집,(주)스프링클라우드 성남 분당구,,
https://kr.indeed.com/viewjob?jk=404ca05b36be1e83,WebRTC UC & Collaboration Developer,Ericsson 서울,,
https://kr.indeed.com/viewjob?jk=65232d6e37b8f7fb,주니어 데이터 엔지니어 / Junior Data Engineer,Bagelcode 서울,,
https://kr.indeed.com/viewjob?jk=89a689a00d8170bc,Core Researcher,Terra 서울,,
https://kr.indeed.com/viewjob?jk=e0697f11b625bbd8,2020년 제1회 공무직 근로자 연장,기상청 제주도 제주,,
https://kr.indeed.com/viewjob?jk=f935130f920e7f66,"1,2월 경력",LG CNS 3.7 서울,,
https://kr.indeed.com/viewjob?jk=e11bc11a4d72cc54,MPK / MPI-SD Joint Postdoctoral Position...,POSTECH / Max Planck POSTECH/KOREA Res. Init. 대한민국,,
https://kr.indeed.com/viewjob?jk=c46c1d3d5b3fb904,SDET Engineer,Nielsen 3.8 서울,,
https://kr.indeed.com/viewjob?jk=bfe0f5ac4f32ec89,추천 통계분석/데이터사이언티스트,카카오 4.2 성남 판교역,,
https://kr.indeed.com/viewjob?jk=212ca67d161b7162,2020 Market Data Analyst - Seoul (Korean...,Bloomberg 서울,,
https://kr.indeed.com/viewjob?jk=8c8700db243d1a3c,"Application Engineer, Sr II",Synopsys 서울,,
https://kr.indeed.com/viewjob?jk=20d40ee61adffeca,챗봇 플랫폼 개발자,카카오 4.2 성남 판교역,,
https://kr.indeed.com/viewjob?jk=01cdfff2d55c2fa5,PMIC S/W APPS Engineering – Senior to St...,Qualcomm 4.1 서울,,
https://kr.indeed.com/viewjob?jk=90104004fabe2502,[Search & Clova] 글로벌 콘텐츠 검색/ AI 기술 개발 신입...,네이버 대한민국,,
https://kr.indeed.com/viewjob?jk=7e95a82b3234ec5d,Pre Sales Engineer,Arm 서울,,
https://kr.indeed.com/viewjob?jk=a39853230d5ceca8,Healthcare Real World Data Analyst 담당자,IQVIA 서울,,
https://kr.indeed.com/viewjob?jk=7a730622208e64b8,각 부문별 신입/경력직원 인재,펀드온라인코리아 대한민국,,
https://kr.indeed.com/viewjob?jk=fb617eeb80ea6fa9,AI/빅데이터 분야 (인재 Pool),LG유플러스 3.8 서울,,
https://kr.indeed.com/viewjob?jk=83afcd111984f51c,데이터연동개발팀 - 데이터엔지니어,Nexon 성남 분당구,,
https://kr.indeed.com/viewjob?jk=22a5590c81649937,Senior Technical Consultant,MathWorks 서울,,
https://kr.indeed.com/viewjob?jk=59b0ff5ce11a8952,Associate Solutions Engineer (Full Time)...,Cisco Systems 4.1 서울,,
https://kr.indeed.com/viewjob?jk=432b169b273d9964,"R&D Engineer, Sr I",Synopsys 서울,,
https://kr.indeed.com/viewjob?jk=475bfcb9fe2956fa,"Solution Architect, Data Scientist - WWF...",NVIDIA 서울,,
https://kr.indeed.com/viewjob?jk=bfc63c0dc39852e3,딥러닝 전문연구요원 특별,베이리스 성남 수정구,,
https://kr.indeed.com/viewjob?jk=dd06066d79860614,MySQL Engineer,카카오 4.2 성남 판교역,,
https://kr.indeed.com/viewjob?jk=d66914db200312e0,TECH U Associate Solutions Architect - 2...,Amazon Web Services Korea LLC 서울,,
https://kr.indeed.com/viewjob?jk=48ca423ba9cc3be4,Product Test Engineer - GPU,NVIDIA 서울,,
https://kr.indeed.com/viewjob?jk=1d95b1dac345f2ca,데이터 분석 및 지표 구축,아프리카TV 성남 분당구,,
https://kr.indeed.com/viewjob?jk=d3f7d89143329b93,운용본부 알고리즘파트 인턴,쿼터백자산운용 대한민국,,
https://kr.indeed.com/viewjob?jk=a26c6742b80a60ba,[ 2020 YG ENTERTAINMENT ] 정보관리팀 경력 (IT시스...,YG 엔터테인먼트 서울 합정동,,
https://kr.indeed.com/viewjob?jk=71c47ac87bb4087e,기술 인턴 인공지능 응용 연구/개발 인턴,써로마인드로보틱스 서울 관악구,,
https://kr.indeed.com/viewjob?jk=37d1f6dbb37f8a38,대용량 분산 스토리지 개발자,카카오 4.2 성남 판교역,,
https://kr.indeed.com/viewjob?jk=962ccc68c40fa2d8,Engineer II - Test GSO,"Advanced Energy Industries, Inc 서울",,
https://kr.indeed.com/viewjob?jk=d63f81f49bfdc208,Sr. Data Scientist,Amazon Web Services Korea LLC 서울,,
https://kr.indeed.com/viewjob?jk=c6e0b428a62c7eaa,경험최적화파트 - 데이터 사이언티스트/분석가,Nexon 성남 분당구,,
https://kr.indeed.com/viewjob?jk=2d5c603043556b81,Marketing Science Director,KANTAR 3.7 서울,,
https://kr.indeed.com/viewjob?jk=66520543e9bb139c,Senior Application Engineer - Technical...,MathWorks 서울,,
https://kr.indeed.com/viewjob?jk=b0d30980d179f5ec,여행일정 플랫폼 개발 스타트업 함께할 초기멤버(여행콘텐츠팀) 찾습니다.,휴플 제주 제주시,,
https://kr.indeed.com/viewjob?jk=67de19e751de6d78,웹 개발 경력직,비스퀘어 부산 해운대구,"연봉 30,000,000원 - 35,000,000원",
https://kr.indeed.com/viewjob?jk=273d830a0c62aedd,솔루션 프론트엔드 개발자,Nexon 성남 분당구,,
https://kr.indeed.com/viewjob?jk=257110e5aec08f6d,[Search&Clova] Clova 머신러닝 Scientist 개발 신...,네이버 대한민국,,
https://kr.indeed.com/viewjob?jk=073b7071c036dba2,Developer Relations Manager,NVIDIA 서울,,
https://kr.indeed.com/viewjob?jk=5123207a169f90eb,Software Developer - Front-End / Back-En...,AITRICS 서울,,
https://kr.indeed.com/viewjob?jk=b35da47f5e84c9b4,콘텐츠서비스개발팀 - 데이터분석가,Nexon 성남 분당구,,
https://kr.indeed.com/viewjob?jk=2d83dcf8baac736b,Technical Solutions Engineer,MightyHive 서울,,
https://kr.indeed.com/viewjob?jk=2d1342226996073d,정산 및 재무서비스 개발자,Nexon 성남 분당구,,
https://kr.indeed.com/viewjob?jk=b9974ad79659bb6d,"카카오콘 앱(iOS), 서버 경력 개발자",카카오 4.2 대한민국,,
https://kr.indeed.com/viewjob?jk=f2f9d7e5c715ec11,[EY컨설팅] 컨설팅본부(Advisory) Java 개발자 경력직 모집,EY 4.0 대한민국,,
https://kr.indeed.com/viewjob?jk=fa190cab482a619b,이마고웍스㈜에서 웹 개발자,이마고웍스 서울 동대문구,"연봉 30,000,000원 - 32,000,000원",
https://kr.indeed.com/viewjob?jk=695d21f6aec731c6,Quant 트레이딩 부문,벨에포크자산운용 대한민국,,
https://kr.indeed.com/viewjob?jk=f281c810daf0e10d,카카오 네트워크 엔지니어,카카오 4.2 성남 판교역,,
https://kr.indeed.com/viewjob?jk=7c7f6f9c070d78bd,Robot SW Engineer 그룹 IT인프라 구축,그룹 IT인프라 구축 서울특별시,,
https://kr.indeed.com/viewjob?jk=475cc377417d9a5b,데이터수집개발파트,Nexon 성남 분당구,,
https://kr.indeed.com/viewjob?jk=48090bdf1303bd76,매칭팀 - 데이터분석가,Nexon 성남 분당구,,
https://kr.indeed.com/viewjob?jk=691f61972f31c777,이탈방지팀-서비스 개발자,Nexon 성남 분당구,,
https://kr.indeed.com/viewjob?jk=a3a65a4d59061430,위시켓과 함께할 서버개발자님,위시켓 서울 강남구,,
https://kr.indeed.com/viewjob?jk=ae2c6294bc277408,Lead Technical Solutions Engineer,MightyHive 서울,,
https://kr.indeed.com/viewjob?jk=37542070b1f1557c,[기술기획] [인사/경영지원] 사내시스템 개발자,한국카카오은행 성남 분당구,,
https://kr.indeed.com/viewjob?jk=204308e277d085e3,DevOps Consultant - Professional Service...,Amazon Web Services Korea LLC 서울,,
https://kr.indeed.com/viewjob?jk=45194ff491600874,"주식운용본부(인덱스, 퀀트)",현대인베스트먼트자산운용 대한민국,,
https://kr.indeed.com/viewjob?jk=281fb1cb3dff0cf8,글로벌&모바일 플랫폼 운영을 담당할 를 합니다.,Nexon 성남 분당구,,
https://kr.indeed.com/viewjob?jk=6718bba08ef6e20b,모바일 앱 보안 솔루션 개발부문,스틸리언 서울 용산구,,
https://kr.indeed.com/viewjob?jk=b9c747b10bd5e3ce,Data Scientist 다수 (국내 금융대기업),디에스파트너즈그룹 서울,,
https://kr.indeed.com/viewjob?jk=8f0dfcd582982dcb,멜론 서비스 데이터 분석 및 개발자,카카오 4.2 성남 판교역,,
https://kr.indeed.com/viewjob?jk=facd4f535e5cd1db,웹개발자,이엘씨소프트 서울 금천구,,
https://kr.indeed.com/viewjob?jk=7d85150a375cfacf,[Search & Clova] BigData and AI Platform...,네이버 대한민국,,
https://kr.indeed.com/viewjob?jk=881a1aa0f0646335,Tech U Associate Professional Services C...,Amazon Web Services Korea LLC 서울,,
https://kr.indeed.com/viewjob?jk=5140d7ca5ea8d1f0,"(인공지능, 텍스트분석) JAVA/LUCENE/Node.js/Python...",이지메타 서울 구로구,"연봉 50,000,000원 - 60,000,000원",
https://kr.indeed.com/viewjob?jk=7f0f05a7cbb72be3,[에이치랩] 웹 개발자(Back-end),에이치랩 서울 마포구,"연봉 28,000,000원 - 36,000,000원",
https://kr.indeed.com/viewjob?jk=12864725e51449a9,WebRTC UC & Collaboration Developer,에릭슨엘지 서울 금천구,,
https://kr.indeed.com/viewjob?jk=9400017ccbf7975f,코딩강사 신입/경력 인턴,코딩사이언스학원 인천 부평구,,
https://kr.indeed.com/viewjob?jk=6b6159f484729ce1,[대기업금융사] 보이스봇 서비스 기획 (과장-차장급),FN executive search 서울,,
https://kr.indeed.com/viewjob?jk=604de7caa5f65310,"Specialist Solutions Architect III, Anal...",Amazon Web Services Korea LLC 서울,,
https://kr.indeed.com/viewjob?jk=de210ffb5a9ee0c4,카카오톡 신규 서비스 서버 개발자,카카오 4.2 성남 판교역,,
https://kr.indeed.com/viewjob?jk=17ebefe1665a41f0,[경기 안산] 데이터분석(머신러닝기반/ 빅데이터 통계/분석) 경력 정규직...,클라우즈랩 안산 단원구,,
https://kr.indeed.com/viewjob?jk=6ecc8058c1538843,데이터플랫폼실 - Software Engineer,Nexon 성남 분당구,,
https://kr.indeed.com/viewjob?jk=08ac4426aa2a7bed,퍼포먼스 마케터 (SA 중심),Soomgo 서울 강남구,,
https://kr.indeed.com/viewjob?jk=d0650e2aa74d1287,"응용프로그램개발, 인공지능 신입/경력 정규직",퓨처메인 수원 영통구,,
https://kr.indeed.com/viewjob?jk=596eb018c75e8cf4,국내 통신사 광고서비스 개발 PM,드래곤에이치알 서울 마포구,,
https://kr.indeed.com/viewjob?jk=fd0e5f5aa2592df1,[해외취업] IT엔지니어,유아솔류션즈 대한민국,"연봉 21,000,000원 - 22,000,000원",
https://kr.indeed.com/viewjob?jk=2b1c5b35b97700fc,인프라 플랫폼 개발자,고도소프트 서울 구로구,,
https://kr.indeed.com/viewjob?jk=c9538b22923d061d,[반도체IP 기업] ISP 설계/개발 RTL Engineer (Senio...,커리어라임즈 서울,,
https://kr.indeed.com/viewjob?jk=af1c75601986e224,"(주)트윔 개발자(경력직) 빅데이터,영상처리,머신비전/AI 딥러닝",트윔 경기도 화성,,
https://kr.indeed.com/viewjob?jk=e5cee26a48a7c115,심플로지스와 미래 함께하실 유능한 인재(개발자 및 고객관리) 찾고 있습니...,심플로지스 인천 연수구,,
https://kr.indeed.com/viewjob?jk=f0049b34a1ca824e,금융 데이터 분석 및 데이터 전략기획 담당,디에스파트너즈그룹 서울,,
https://kr.indeed.com/viewjob?jk=e010f7780d479126,검색서비스 서버 개발 신입/경력,포티투마루 서울 봉천동,,
https://kr.indeed.com/viewjob?jk=e6ed4f83454aa0c3,Java/Jsp/Front-end/WEB 개발자,에코소프트 경기도,,
https://kr.indeed.com/viewjob?jk=d850fdb89fc30bc9,Linux 기반 시스템 소프트웨어 1인 및 응용소프트웨어 개발자 1인.,엔엑스테크 수원 장안구,"연봉 40,000,000원",
https://kr.indeed.com/viewjob?jk=dd4d8e59a4a9265d,Data Specialist (Scientist&&Engineer),아우름플래닛 서울 마포구,,
https://kr.indeed.com/viewjob?jk=de44729f90fcae6e,AI 개발/Data Scientist/시스템 아키텍쳐/빅데이터엔지니어 경...,신한에이아이 서울 영등포구,,
https://kr.indeed.com/viewjob?jk=464ef95516a5fa5c,8퍼센트 경력 개발자,8퍼센트 서울 종로구,,
https://kr.indeed.com/viewjob?jk=f96c6c892a013cf0,(주)엘솔루 웹개발자,㈜엘솔루 서울,,
https://kr.indeed.com/viewjob?jk=d71794dc69947981,소프트웨어 엔지니어,Nexon 성남 분당구,,
https://kr.indeed.com/viewjob?jk=056544637aac9783,주식 펀드매니저 (7/16 마감),현대인베스트먼트자산운용 대한민국,,
https://kr.indeed.com/viewjob?jk=662cf64b7dc18a8c,[안양][정규직] 웹 어플리케이션 / 서버 프로그램 개발자,비디텍 안양 동안구,"연봉 25,000,000원 - 30,000,000원",
https://kr.indeed.com/viewjob?jk=385c58c7ced1d77b,데이터 사이언티스트 지향하는 데이터 엔지니어,카카오 4.2 성남 판교역,,
https://kr.indeed.com/viewjob?jk=9fcd027f173235aa,퀀트운용본부 경력사원,디비자산운용 대한민국,,
https://kr.indeed.com/viewjob?jk=ffd9cedb23e97344,파이썬SW 금융분야 특화 챗봇 개발 함께 할 엔지니어,파운트 서울 충정로역,,
https://kr.indeed.com/viewjob?jk=d57b19564ea05138,데이터인프라개발팀 - 데이터 플랫폼 엔지니어,Nexon 성남 분당구,,
https://kr.indeed.com/viewjob?jk=383d4c8a7156b52b,[카카오 클라우드] 플랫폼 포털 개발자,카카오 4.2 성남 판교역,,
https://kr.indeed.com/viewjob?jk=e2651e9f34c7beca,한국정보통신진흥협회 직원 (2020년 상반기),한국정보통신진흥협회 서울 강남구,,
https://kr.indeed.com/viewjob?jk=dabb4ac4a8883dd3,머신러닝 데이터분석가(글로벌 금융사),디에스파트너즈그룹 서울,,
https://kr.indeed.com/viewjob?jk=338660b483fec9e9,"비젼 프로그램 개발, 자동제어 외 경력 정규직",에프피에이 경기도 화성,,
https://kr.indeed.com/viewjob?jk=ea3b136c0ff59524,데이터분석가(게임어뷰징 탐지),Nexon 성남 분당구,,
https://kr.indeed.com/viewjob?jk=3ac71b0277d22e0d,이마고웍스㈜ 웹 개발자,이마고웍스 서울 동대문구,,
https://kr.indeed.com/viewjob?jk=a24b1ac91024ce54,교보악사자산운용 QUANT팀,교보악사자산운용 대한민국,,
https://kr.indeed.com/viewjob?jk=b0e9252f0c2cf6ec,[개발]위메프패션 백엔드 개발자(정규직),위메프 2.3 대한민국,,
https://kr.indeed.com/viewjob?jk=752a4b5d63eac97c,백엔드 Engineer (Python),Soomgo 서울 강남구,,
https://kr.indeed.com/viewjob?jk=b191915b38fd442b,[이마트] 이마트 데이터분석 경력사원 모집,신세계 4.5 대한민국,,
https://kr.indeed.com/viewjob?jk=bb22e1b9b7683013,"Front End Software Engineer, TensorFlow",Google 4.3 서울,,
https://kr.indeed.com/viewjob?jk=557b3d9aae378005,경력 및 신입직원,KIS채권평가 대한민국,,
https://kr.indeed.com/viewjob?jk=abeb2f106393ad76,"[데이터 분석 스타트업] UI/UX개발/고객행동분석 (Python, GA...",온누리아이코리아 서울 금천구,,
https://kr.indeed.com/viewjob?jk=ad3c7c22cfc0bc67,각 부문 수시,KIS채권평가 대한민국,,
https://kr.indeed.com/viewjob?jk=e20355c9cc0e1ec6,Data Scientist,Valmet Inc. 서울,,
https://kr.indeed.com/viewjob?jk=ba738a285b5823c3,Enterprise Sales Engineer,DataDog 대한민국 +1 지역,,
https://kr.indeed.com/viewjob?jk=5f3a399e83a81379,[개발]위메프오 서비스 서버개발자(정규직),위메프 2.3 대한민국,,
https://kr.indeed.com/viewjob?jk=860a3733156e6821,Data Analytics Analyst - SOCKOR,Barbaricum 서울,,
https://kr.indeed.com/viewjob?jk=04d685fc70b67d4e,Linux/Python/PHP/MySQL/백엔드 정규직 경력,일루미나리안 용인 보정동,,
https://kr.indeed.com/viewjob?jk=fb6e767a3051c6e5,[정규직] Healthcare 컨설팅/사업개발/AI 전문가,SK 씨앤씨 4.0 대한민국,,
https://kr.indeed.com/viewjob?jk=d9086035792f01d0,AI 기반 로봇 서비스 개발 그룹 IT 인프라 구축,그룹 IT 인프라 구축 서울특별시,,
https://kr.indeed.com/viewjob?jk=686cdc6df95f159f,Software Engineer / Sr. Software Enginee...,Nielsen 3.8 서울,,
https://kr.indeed.com/viewjob?jk=989c8d5579ea7132,"인공지능 플랫폼 회사(알파브릿지) 경력직(IT, 관리)",에셋플러스자산운용 대한민국,,
https://kr.indeed.com/viewjob?jk=13296e3d9f8f28bf,`20년 1차 산업환경사업본부 경력채용 공고,삼성엔지니어링 4.1 서울 서초동,,
https://kr.indeed.com/viewjob?jk=0184fd84022533a6,Datacenter Engineer,Oracle 3.8 서울,,
https://kr.indeed.com/viewjob?jk=9f7af88b0ef15493,Deep Learning Architect,Amazon Web Services Korea LLC 서울,,
https://kr.indeed.com/viewjob?jk=092d062a6faa7139,데이터 분석가,카카오 4.2 성남 판교역,,
https://kr.indeed.com/viewjob?jk=3a08c7089343733d,광고팀 - 분석가,Nexon 성남 분당구,,
https://kr.indeed.com/viewjob?jk=84fd4c2127309eea,[보안]보안솔루션 운영 담당자(정규직),위메프 2.3 대한민국,,
https://kr.indeed.com/viewjob?jk=70af6d0fdff6d1ae,"C#, Python 개발자",블루솔루션즈 서울 강남구,"월급 1,600,000원 - 1,800,000원",
https://kr.indeed.com/viewjob?jk=55dd3a1ce1248639,System Administrator 2-IT (Datacenter En...,Oracle 3.8 서울,,
https://kr.indeed.com/viewjob?jk=e5098c47e3662580,BI 운영 그룹 주력계열사,그룹 주력계열사 서울특별시,,
https://kr.indeed.com/viewjob?jk=9136552822e7c54f,[Search & Clova] AI 시스템 (성능) 개발자 신입/경력사원,네이버 대한민국,,
https://kr.indeed.com/viewjob?jk=c2bc15d755c2e44a,제조공정Deep Learning/AI 전문가 대그룹계열제조사,대그룹계열제조사 서울특별시,,
https://kr.indeed.com/viewjob?jk=74e6114729ef9aef,[정규직] 제조 자동화(Hi-Tech) 시스템 구축 인력,SK 씨앤씨 4.0 대한민국,,
https://kr.indeed.com/viewjob?jk=9e73c6c0c12902dd,[Search & Clova] 네이버 Data Science 데이터 분석...,네이버 대한민국,,
https://kr.indeed.com/viewjob?jk=4233609a843b5e96,분석지원팀 - 데이터 분석가,Nexon 성남 분당구,,
https://kr.indeed.com/viewjob?jk=b2cfcc7d4b79c216,[Search&Clova] Clova 챗봇 Platform 개발 신입/경...,네이버 대한민국,,
https://kr.indeed.com/viewjob?jk=5155f7b31867f64c,네이버웹툰 Growth Data Analyst(경력),네이버 대한민국,,
https://kr.indeed.com/viewjob?jk=1b51ad0d9ab48803,각 부문별 수시,KIS채권평가 대한민국,,
https://kr.indeed.com/viewjob?jk=c1936b77c8be4bcf,빅데이터 플랫폼 및 BI시스템 구축 그룹 IT계열사,그룹 IT계열사 서울특별시,,
https://kr.indeed.com/viewjob?jk=8a6fe616b4d92317,경영기획팀(금융혁신TF) 경력직원,신영증권 대한민국,,
https://kr.indeed.com/viewjob?jk=b6f6a789b6e7a028,"[Search & Clova] Entity Linking, Keyword...",네이버 대한민국,,
https://kr.indeed.com/viewjob?jk=dec8d44a3b9fa18c,한국정보통신진흥협회 직원채용 공고 (2020년 상반기),한국정보통신진흥협회 서울 강남구,,
https://kr.indeed.com/viewjob?jk=d585814d097935eb,카카오톡 보이스톡/페이스톡/라이브톡 개발자,카카오 4.2 성남 판교역,,
https://kr.indeed.com/viewjob?jk=de8ad67cf88179fe,DevOps Engineer,Nielsen 3.8 서울,,
https://kr.indeed.com/viewjob?jk=a771637c0eeffc26,[Search & Clova] NAVER Search 이미지 검색서버개발...,네이버 대한민국,,
https://kr.indeed.com/viewjob?jk=6218cd959f0f6bd4,Financial Controller with Data Science,Continental 4.0 대한민국,,
https://kr.indeed.com/viewjob?jk=87095de33a665ecb,안드로이드/ 윈도우서버 스프링 개발자 / 풀스택 개발자 정규직,thecompany 경상남도,"연봉 25,000,000원 - 30,000,000원",
https://kr.indeed.com/viewjob?jk=f3787b523f673414,2020년 상반기 각 부문 신입/경력사원,에이치비테크놀러지 충청남도 아산,,
https://kr.indeed.com/viewjob?jk=eeb027369cdab361,분석 플랫폼 웹 프론트 엔지니어,Nexon 성남 분당구,,
https://kr.indeed.com/viewjob?jk=fa839fed02943ef7,"Technical Specialist, Professional Servi...",Google 4.3 서울,,
https://kr.indeed.com/viewjob?jk=dcab929554f1e1e7,Oracle Linux and Oracle VM Product Suppo...,Oracle 3.8 서울,,
https://kr.indeed.com/viewjob?jk=35f16e65f031d7e9,[해외취업] Sales Application Engineer,Materialise Sdn Bhd 대한민국,,
https://kr.indeed.com/viewjob?jk=9040dba1c8db2a5d,퀀트운용팀 (사원-대리급),신한비엔피파리바자산운용 대한민국,,
https://kr.indeed.com/viewjob?jk=2695294aea6dc3b6,MongoDB Engineer,카카오 4.2 성남 판교역,,
https://kr.indeed.com/viewjob?jk=92bd400e3b5306ba,[Search & Clova] Clova AI 인재,네이버 대한민국,,
https://kr.indeed.com/viewjob?jk=ce6747e77c861c46,Data Scientist,Boston Consulting Group 4.2 서울,,
https://kr.indeed.com/viewjob?jk=b79c2ae536063b01,[전문연구요원] 상시,네이버 대한민국,,
https://kr.indeed.com/viewjob?jk=7af1798e214d4067,Support Engineer _ Devices & IoT,Microsoft 4.2 서울,,
https://kr.indeed.com/viewjob?jk=eb45c08f4c4a43d8,Data Analyst,Axiologic Solutions 서울,,
https://kr.indeed.com/viewjob?jk=f83c468b246ce9ef,Student Intern (South Korea),SAP 4.3 서울,,
https://kr.indeed.com/viewjob?jk=b4b6ee0fd83b8ce1,[Search & Clova] Clova 체험형 인턴,네이버 대한민국,,
https://kr.indeed.com/viewjob?jk=8c47e8f334705d2e,Algorithm Application Engineer,Garrett Advancing Motion 경기도,,
https://kr.indeed.com/viewjob?jk=3224a99522042aaa,Image Processing Developer (SW Engineer),Applied Materials Inc. 경기도 화성,,
https://kr.indeed.com/viewjob?jk=55a19c92c845685e,Developer / Designer recruit,마이뮤직테이스트 서울 논현동,,
https://kr.indeed.com/viewjob?jk=55537575b7dd8d87,Physical Implementation Engineer,SiFive 대한민국,,
https://kr.indeed.com/viewjob?jk=b87ff4aabad6e65e,Process & Data Scientist,Applied Materials Inc. 대한민국,,
https://kr.indeed.com/viewjob?jk=57aa1b90d7626f69,[개발]신사업 프론트 개발자(정규직),위메프 2.3 대한민국,,
https://kr.indeed.com/viewjob?jk=e67d60ef2784fa76,백엔드 엔지니어 (e-커머스),리디 서울특별시,,
https://kr.indeed.com/viewjob?jk=41e16c5d37456c7d,Avionics Software Engineer Intern,BOEING 서울,,
https://kr.indeed.com/viewjob?jk=feac8a234b715106,네이버 일본 맛집 서비스 CONOMI 머신러닝 개발자,네이버 대한민국,,
https://kr.indeed.com/viewjob?jk=f3a14b3f8d9e3e12,네이버 쇼핑검색플랫폼 개발자,네이버 대한민국,,
https://kr.indeed.com/viewjob?jk=8becbf73bbda7c96,2019 Military Service Exemption Position...,울산과학기술원 울산 언양읍,,
https://kr.indeed.com/viewjob?jk=a4972e4e6362d826,데이터 엔지니어,리디 서울특별시,,
https://kr.indeed.com/viewjob?jk=d1d0f9bfa7226166,자산운용본부/전략기획본부 인턴,브이아이피자산운용 대한민국,,
https://kr.indeed.com/viewjob?jk=c3c0448a294b2db0,Application Analyst,Hewlett Packard Enterprise 3.8 대전,,
https://kr.indeed.com/viewjob?jk=f775c2b405edea87,"Computer Vision Engineer, Perception – A...",NVIDIA 서울,,
https://kr.indeed.com/viewjob?jk=aa21d09eb021ffeb,Hardware Platform Application Engineer,Intel 4.1 서울,,
https://kr.indeed.com/viewjob?jk=9bff6cc5a8f53e6e,[개발]웹 서비스 개발자(정규직),위메프 2.3 대한민국,,
https://kr.indeed.com/viewjob?jk=6ed2963730d3c340,Systems Engineer,Hewlett Packard Enterprise 3.8 대전,,
https://kr.indeed.com/viewjob?jk=ab97894c92b994e3,데이터 분석가(팀장급),리디 서울,,
https://kr.indeed.com/viewjob?jk=2615f45e6f912c05,"Customer Solutions Engineer, Global Clie...",Google 4.3 서울,,
https://kr.indeed.com/viewjob?jk=0c73ef7efc258db7,Platform Application Engineer,Intel 4.1 서울,,
https://kr.indeed.com/viewjob?jk=fe403c5862ddc9f8,(상시) 인공지능 플랫폼 전문가,에셋플러스자산운용 대한민국,,
https://kr.indeed.com/viewjob?jk=2a66f3f60e48c063,여행일정 플랫폼 개발 스타트업에서 함께할 초기멤버(여행콘텐츠팀),휴플 제주 제주시,"연봉 24,000,000원 - 26,000,000원",
https://kr.indeed.com/viewjob?jk=e6102500056b81b1,데이터분석(대리이상) 에듀테크 선두기업 new,에듀테크 선두기업 서울특별시,,
https://kr.indeed.com/viewjob?jk=e65a195da656bcdc,[동영상플랫폼] 연계형 인턴십,네이버 대한민국,,
https://kr.indeed.com/viewjob?jk=775c83fc7935bf82,[EY컨설팅] 컨설팅본부(Advisory) PI-Customer팀 경력직...,EY 4.0 대한민국,,
https://kr.indeed.com/viewjob?jk=518298c796a11371,2020 상반기 개발직군,딜리버리히어로코리아 서울 서초구,,
https://kr.indeed.com/viewjob?jk=4edbdaebae7b2b60,IT부문 경력직,하나펀드서비스 대한민국,,
https://kr.indeed.com/viewjob?jk=dc184ecf8777d702,데이터 분석 전문가 (경력),LG이노텍 4.1 서울특별시,,
https://kr.indeed.com/viewjob?jk=0bbf23c0930be392,Support Engineer,Microsoft 4.2 서울,,
https://kr.indeed.com/viewjob?jk=01bc879744c28f9c,Support Engineer _ Azure PaaS,Microsoft 4.2 서울,,
https://kr.indeed.com/viewjob?jk=6c6ccc05ec15dc41,Design for Test (DFT) Engineer,SiFive 대한민국,,
https://kr.indeed.com/viewjob?jk=ea3daca56d64b287,네이버웹툰 ToonRadar(불법 웹툰 유출자 감시 시스템) 연구 개발자...,네이버 대한민국,,
https://kr.indeed.com/viewjob?jk=fc7028b6cb17fa5b,[라프텔] 서버(백엔드) 개발자,RIDI Corp 서울,,
https://kr.indeed.com/viewjob?jk=22e47a04b651ae84,직원,KIS채권평가 대한민국,,
https://kr.indeed.com/viewjob?jk=b19575486d134ab7,BR&T Software Engineer Intern,BOEING 서울,,
https://kr.indeed.com/viewjob?jk=25725b3c0e607311,Junior Quant Trader,Byzantine Partners 서울,,
https://kr.indeed.com/viewjob?jk=554c2e55cc985488,Data Scientist,Supercell 서울,,
https://kr.indeed.com/viewjob?jk=ea5d26c45703b820,네이버웹툰 빅데이터 플랫폼 개발자(경력),네이버 대한민국,,
https://kr.indeed.com/viewjob?jk=80aabe146d2855e5,Solution Architect,OSF Commerce 대한민국,,
https://kr.indeed.com/viewjob?jk=272f8d9e6c046251,제2020-1분기 박사후연구원,재료연구소 경상남도,,
https://kr.indeed.com/viewjob?jk=33da210b05e4dac7,"Design Consultant, Sr II",Synopsys 대한민국,,
https://kr.indeed.com/viewjob?jk=c6398dbbd3c4f4d9,"Partner Engineer, Google Assistant",Google 4.3 서울,,
https://kr.indeed.com/viewjob?jk=9eeeffa9f171f32b,대기업 검색엔진 개발 (대리과장급),차량IT 전문 기업 (대기업) 서울,,
https://kr.indeed.com/viewjob?jk=f79f6cd3e91fcc1a,"Principal, Data Engineer (EDW Data Proce...",Coupang 3.0 서울,,
https://kr.indeed.com/viewjob?jk=20b8fe916f48dc9e,데이터 분석을 통한 마케팅 전략 담당자(대리과장급),국내 대기업 계열사 서울,,
https://kr.indeed.com/viewjob?jk=615168b399422305,Software Engineer - Back-end Web,SendBird 서울,,
https://kr.indeed.com/viewjob?jk=0aa5f158999a8f91,데이터 엔지니어,myrealtrip 서울,,
https://kr.indeed.com/viewjob?jk=4639db660bb6e345,Cloud Infrastructure (DevOps) Engineer,SendBird 서울,,
https://kr.indeed.com/viewjob?jk=7268328c0d71d81c,Junior Full-Stack Developer,Asiance 서울,,
https://kr.indeed.com/viewjob?jk=f10477b81840d778,데이터 분석가 / Business Analyst,Bagelcode 서울,,
https://kr.indeed.com/viewjob?jk=754348a9c3f08d66,Full Stack Developer,"Miso, inc 서울",,
https://kr.indeed.com/viewjob?jk=f5db97b4d95cbc04,VP of Engineering,"Miso, inc 서울",,
https://kr.indeed.com/viewjob?jk=dc821489255954fd,Developer Advocate,SendBird 서울,,
https://kr.indeed.com/viewjob?jk=bfee747ee084b019,[수시] ESTsecurity 웹프론트 개발 (경력),이스트소프트 서울 서초구,,
https://kr.indeed.com/viewjob?jk=57eb792f16ab3601,금융대기업 Data Scientist 채용 (선임~수석),금융대기업 서울,,
https://kr.indeed.com/viewjob?jk=0df2999925f12355,Sr. Back-end Engineer (Query Understandi...,Coupang 3.0 서울,,
https://kr.indeed.com/viewjob?jk=9674fb33a257bc84,Software Engineer,ODK Media Inc 서울 강남구,,
https://kr.indeed.com/viewjob?jk=2f440d08c013f03d,대기업 DBA 경력자 채용 (대리과장급),차량IT 전문 기업 (대기업) 서울,,
https://kr.indeed.com/viewjob?jk=4baef3431a39f0c4,[수시] ESTsecurity 서버 백엔드 개발 (경력),이스트소프트 서울 서초구,,
https://kr.indeed.com/viewjob?jk=50d0ae3f24a94532,"로봇관련, R&D_로봇 Skill 개발",4차산업 공장 자동화 기기 및 소프트웨어 경기도 수원,,
https://kr.indeed.com/viewjob?jk=315c65b8337d3e7a,React Native Developer,"Miso, inc 서울",,
https://kr.indeed.com/viewjob?jk=79da9b878d3d8709,저축은행 다이랙트마케팅팀 데이터분석,국내자본 저축은행 서울 구로구,,
https://kr.indeed.com/viewjob?jk=94f2bbbeb53f3458,Database Engineer (Storage Platform),Coupang 3.0 서울,,
https://kr.indeed.com/viewjob?jk=7a08f5e589b10a00,"Senior, Software Engineer (Search Qualit...",Coupang 3.0 서울,,
https://kr.indeed.com/viewjob?jk=5a0b53c0cc23d9a7,"Senior, Database Engineer (Storage Platf...",Coupang 3.0 서울,,
https://kr.indeed.com/viewjob?jk=f915f667e4052f91,Back-end Engineer,Terra 서울,,
https://kr.indeed.com/viewjob?jk=90d6728c4bee5b37,"Senior, Software Engineer (Recommendatio...",Coupang 3.0 서울,,
https://kr.indeed.com/viewjob?jk=9f7d7cbe5e172a01,Front-end Developer,"Miso, inc 서울",,
https://kr.indeed.com/viewjob?jk=2b8a63d6cc91a04c,Principal Business Analysis (Growth Mark...,Coupang 3.0 서울,,
https://kr.indeed.com/viewjob?jk=05439002712f8135,차세대 광-무선 가입자망 연구센터 연구전담교수,광주과학기술원 광주 북구,,
https://kr.indeed.com/viewjob?jk=4a94f2401f999ab6,Data Analyst,"Miso, inc 서울",,
https://kr.indeed.com/viewjob?jk=3f968a8da5efbbef,[글로벌 반도체 대기업] Speech Enhancement 솔루션 개발,글로벌 반도체 대기업 경기도 화성,"연봉 60,000,000원 - 99,000,000원",
https://kr.indeed.com/viewjob?jk=c499b3dde5c2e196,데이터인프라개발팀 - 데이터 엔지니어,Nexon 성남 분당구,,
https://kr.indeed.com/viewjob?jk=40e953af1c1f2e31,기술 지원 및 개발 가능한 Technical Support,이포넷 서울 강남구,"월급 1,400,000원 - 1,600,000원",
https://kr.indeed.com/viewjob?jk=0673cf58e1f3f6ec,[반도체IP 기업] Video Codec HW (Junior/Senior...,커리어라임즈 서울,,
https://kr.indeed.com/viewjob?jk=10ddf37c7b70f83b,[해외취업] 고급 IT 엔지니어,株式会社ASCOM 대한민국,,
https://kr.indeed.com/viewjob?jk=800ae9a4841c392c,[Back-end] 신규 커머스 플랫폼 개발,아이오앤코코리아 서울 강남구,,
https://kr.indeed.com/viewjob?jk=78d1ec77f4a5e0dc,기후 분석&모델링연구실 시간제연구원,광주과학기술원 광주 북구,,
https://kr.indeed.com/viewjob?jk=94242432ba095bac,기업부설연구소 경력직 연구원(정규직) 공개,케이포시큐리티 서울 구로구,"연봉 50,000,000원 - 60,000,000원",
https://kr.indeed.com/viewjob?jk=2485e93043545d8a,인간중심 지능형 시스템 연구실 위촉연구원,광주과학기술원 광주 북구,,
https://kr.indeed.com/viewjob?jk=7adfd2b51f057d3a,경력사원 수시,두산 정보통신 서울,,
https://kr.indeed.com/viewjob?jk=7d4818a8b705af0f,각 부문 신입 및 경력 직원,제일엔지니어링 서울,,
https://kr.indeed.com/viewjob?jk=194a28e271f583b3,[정규직/본사근무] PHP 웹 개발자 (경력),이랜서 서울 강남구,,
https://kr.indeed.com/viewjob?jk=99d1b2e25887707d,기술 지원 및 개발 가능한 Technical Su...,이포넷 서울 삼성동,,
https://kr.indeed.com/viewjob?jk=ace8e6bca614d2be,(주)테라젠이텍스 바이오연구소 웹개발자 (정규직),테라젠이텍스 바이오연구소 수원 영통구,,
https://kr.indeed.com/viewjob?jk=8af26b37623864c4,8퍼센트 개발자 (신입/경력),8퍼센트 서울 종로구,,
https://kr.indeed.com/viewjob?jk=952e0a8d9bac4aea,고성능 게임 피드백 서버 개발,Nexon 성남 분당구,,
https://kr.indeed.com/viewjob?jk=674370fd38bce0dd,지스트 블록체인경제센터(강남소재) 계약직(연구원),광주과학기술원 광주 북구,,
https://kr.indeed.com/viewjob?jk=3f46d6b013eed283,(주)엘솔루 NLP연구개발직,㈜엘솔루 서울,,
https://kr.indeed.com/viewjob?jk=88b7dece067cd1c6,AI Algorithm Developer,펄핏 서울 강남구,,
https://kr.indeed.com/viewjob?jk=037a5d6896bd0a39,[지니너스]연구개발 및 운영 정규직,지니너스 (GENINUS Inc.) 서울 문정동,"연봉 30,000,000원",
https://kr.indeed.com/viewjob?jk=da77f7f30c8cccf1,"[해외취업] IT 프로그래머,web개발 엔지니어,Java프로그래머,인프라...",SEAGILE 대한민국,"연봉 32,500,000원 - 70,000,000원",
https://kr.indeed.com/viewjob?jk=e5c63f4e86ceefda,Technical Writer,SendBird 서울,,
https://kr.indeed.com/viewjob?jk=80d3108dade97b0f,Back-end Developer,"Miso, inc 서울",,
https://kr.indeed.com/viewjob?jk=7d61ad4e8b48d8aa,"Principal, Business Analyst (Site Mercha...",Coupang 3.0 서울,,
https://kr.indeed.com/viewjob?jk=729483f5644b6d3b,[신입] 웹기반 응용프로그램 개발자 신입인재,블록체인글로벌 서울 영등포구,"연봉 26,000,000원",
https://kr.indeed.com/viewjob?jk=22ea43afd8105577,"WEb 개발자 경력 정규직, 프리랜서",케이포시큐리티 서울,,
https://kr.indeed.com/viewjob?jk=794e209e405f4fc0,지스트 블록체인경제센터(강남소재) 계약직연구원,광주과학기술원 광주 북구,,
https://kr.indeed.com/viewjob?jk=5ee29e41129934a3,파이썬 중급개발자,퓨쳐위즈 서울 강남구,,
https://kr.indeed.com/viewjob?jk=25432db13648cddc,"컨설팅회사 분야별(PMO,PI,ISP, Data Analytics등)컨설...",글로벌 메이저 컨설팅회사 서울 여의도역,"연봉 60,000,000원 - 150,000,000원",
https://kr.indeed.com/viewjob?jk=3c078d287d4de7be,[KSTEC] 통계/Analytics 신입 및 경력사원,지식시스템 성남 분당구,,
https://kr.indeed.com/viewjob?jk=7bb1e2b604c071e6,[글로벌 Vacuum Pump 제조사] S/W Test Engineer...,(주)씨앤에이코리아 천안 서북구,"연봉 40,000,000원 - 60,000,000원",
https://kr.indeed.com/viewjob?jk=930a6a7d80e095bc,Cloud Support Engineer - Developer and M...,Amazon Web Services Korea LLC 서울,,
https://kr.indeed.com/viewjob?jk=39c73e41ec69fb79,[신입] 웹개발자 정규직,블록체인글로벌 서울 영등포구,,
https://kr.indeed.com/viewjob?jk=dcbce45dbe2d3679,Senior Full-Stack Developer,Asiance 서울,,
https://kr.indeed.com/viewjob?jk=d425b24146af3fa1,지구·환경공학부 환경시스템공학 연구실 위촉연구원,광주과학기술원 광주 북구,,
https://kr.indeed.com/viewjob?jk=5ff17b27cd83a1c0,네트워크 자동화 개발자,Nexon 성남 분당구,,
https://kr.indeed.com/viewjob?jk=9a44a1a18ab4635c,Cloud Security Engineer,SendBird 서울,,
https://kr.indeed.com/viewjob?jk=8d0b3a79363b5a69,Business Analyst (Search and Discovery A...,Coupang 3.0 서울,,
https://kr.indeed.com/viewjob?jk=9dec880f4c255658,(주)앱도 2020년도 상반기 프로그래머 신규 신입/경력 정규직,앱도 부산 동구,"연봉 30,000,000원 - 35,000,000원",
https://kr.indeed.com/viewjob?jk=5faf4a69ab8c86ca,[FEG] 리버스 엔지니어,창운코리아 서울 구로구,,
https://kr.indeed.com/viewjob?jk=3593997b29d7bc8a,"[데이터 사이언티스트] 이미지 처리 기반 (R, Python, C++)",세계에서 가장 빠른 슈퍼박테리아 검사기술기업 서울 가산동,"연봉 40,000,000원 - 80,000,000원",
https://kr.indeed.com/viewjob?jk=3e80435be74cd28f,블록체인인터넷경제연구센터 위촉연구원,광주과학기술원 광주 북구,,
https://kr.indeed.com/viewjob?jk=a4dcc6cd7ca38eca,[우아한청년들] 배달 서비스 품질 관리/분석 담당자 (1~5년 이상),우아한 형제들 서울 송파구,,
https://kr.indeed.com/viewjob?jk=a7c68eba65a950aa,지스트 블록체인경제센터 계약직연구원,광주과학기술원 광주 북구,,
https://kr.indeed.com/viewjob?jk=b06176c3a7092e0a,Customer Facing Data Scientist,Ever Better Recruitment (EBR) 서울,,
https://kr.indeed.com/viewjob?jk=525c983d344fe53a,배달로봇 dilly 로봇 소프트웨어 엔지니어(자율주행) (7년이상),우아한 형제들 서울 송파구,,
https://kr.indeed.com/viewjob?jk=4869ca56d1b577b9,교보악사자산운용 INDEX팀 사원,교보악사자산운용 대한민국,,
https://kr.indeed.com/viewjob?jk=8ae7c240ef7d5f0b,카카오 분석 플랫폼 경력 개발자,카카오 4.2 성남 판교역,,
https://kr.indeed.com/viewjob?jk=1124955926b2559b,"Technical Design Architect, South Korea",Pure Storage 서울,,
https://kr.indeed.com/viewjob?jk=77d8e0149dad533b,블록체인인터넷경제 연구센터 위촉연구원,광주과학기술원 광주 북구,,
https://kr.indeed.com/viewjob?jk=4ebd70ec7e478364,[KSTEC] RPA 시스템 개발 경력사원,지식시스템 성남 분당구,,
https://kr.indeed.com/viewjob?jk=a6d0f0030a9ad230,링크샵스 플랫폼 개발 및 유지보수 담당,링크샵스 서울 중구,,
https://kr.indeed.com/viewjob?jk=18142c151fad0ef3,[해외취업] AI/BI 엔지니어,유아솔류션즈 대한민국,,
https://kr.indeed.com/viewjob?jk=67e25a613ad31034,데이터분석가 경력직,우아한 형제들 서울 송파구,,
https://kr.indeed.com/viewjob?jk=3dfef7947760ac10,핑크퐁 애니메이션 제작실 채용,스마트스터디 서울 서초동,,
https://kr.indeed.com/viewjob?jk=81848f01b547f90b,주니어 데이터 사이언티스트 / Junior Data Scientist,Bagelcode 서울,,
https://kr.indeed.com/viewjob?jk=692486e7a2b0522e,인프라 관리/운영 웹 애플리케이션 개발자,Nexon 성남 분당구,,
https://kr.indeed.com/viewjob?jk=dcafe087f86aaa47,경력사원 수시,두산 디지털이노베이션 서울,,
https://kr.indeed.com/viewjob?jk=46eab2386d752226,[해외취업] SMALL WORLD ios/Android 프로그래머 경력자...,SMALL WORLD 대한민국,"연봉 40,000,000원 - 60,000,000원",
https://kr.indeed.com/viewjob?jk=c13abffb44505877,NXLog팀 - 소프트웨어 엔지니어,Nexon 성남 분당구,,
https://kr.indeed.com/viewjob?jk=59e5ed1c3c1ff691,빅데이터 엔지니어 경력직(정규직),신한에이아이 서울 영등포구,,
https://kr.indeed.com/viewjob?jk=042dbc3e588374c3,[국내금융대기업] 머신러닝 알고리즘 개발 (과장급 이상),FN executive search 서울,,
https://kr.indeed.com/viewjob?jk=1d15a938907a0c62,기업부설연구소 블록체인 프로그래머 경력자,케이포시큐리티 서울 구로구,"연봉 30,000,000원",
https://kr.indeed.com/viewjob?jk=bcc6a3fe369a80fc,금융솔루션 개발 및 기획,이음솔루션즈 서울 영등포구,"연봉 30,000,000원 - 35,000,000원",
https://kr.indeed.com/viewjob?jk=d9470ee259f7457b,Cloud Infrastructure Architect,Amazon Web Services Korea LLC 서울,,
https://kr.indeed.com/viewjob?jk=cac18e6bcbee5a21,Front end 개발자,브릭 성남 분당구,"연봉 28,000,000원",
https://kr.indeed.com/viewjob?jk=34476fc1bc0bb748,오픈소스 엔지니어 영입,카카오페이 성남 백현동,,
https://kr.indeed.com/viewjob?jk=c2c1ab0ed507c4e2,비즈니스 분석가(Business Analyst) 영입,카카오페이 성남 백현동,,
https://kr.indeed.com/viewjob?jk=4fc2b452463cb5f0,"[해외취업] 스웨덴, Volvo Car AB, Business Contr...",Volvo Car AB 대한민국,,
https://kr.indeed.com/viewjob?jk=cb4add65c87c626a,1분기 Software Engineer,이스트게임즈 서울 서초구,,
https://kr.indeed.com/viewjob?jk=e5ce68ca5e40e930,[KSTEC] 2020년 신입 및 경력 (SW개발자),지식시스템 성남 분당구,,
